{
  "intercept": 1.7949972467552033,
  "punctuation_coefficient": 3.2122631196173823e-06,
  "clause_coefficient": 4.8356757551571606e-06,
  "rmse": 5.953108654812701e-06,
  "old_rmse": 0.6028515571846854,
  "improvement_percent": 99.99901250837227
}